persona_uuid,sex,age,marital_status,family_type,housing_type,education_level,bachelors_field,occupation,province,district,persona_summary,professional_persona,sports_persona,arts_persona,travel_persona,culinary_persona,family_persona,cultural_background,skills_and_expertise,hobbies_and_interests,career_goals_and_ambitions,model
a3a2b06d7a3b47398a2b0bcac12bf085,여자,36,이혼,자녀와 거주 (한부모),단독주택,4년제 대학교,보건·복지,일반 간호사,광주,광주-서구,"박민혜 씨는 광주에서 아이를 키우며 성실하게 근무하는 베테랑 간호사이자, 정원 가꾸기와 예술 전시 관람으로 삶의 균형을 찾는 강인한 싱글맘입니다.","박민혜 씨는 광주의 한 종합병원 병동에서 십 년 넘게 근무하며, 예민해진 보호자의 불평을 능숙하게 잠재우고 응급 상황에서도 차분하게 투약 수치를 체크하는 베테랑 간호사입니다. 다만, 최근 들어 업무 성과보다는 아이와 함께할 저녁 시간을 확보하기 위해 수간호사에게 근무표 수정을 조심스럽게 요청하는 일에 더 많은 에너지를 씁니다.",박민혜 씨는 헬스장 같은 격식 있는 운동 시설에 등록하기보다 마당 구석의 잡초를 뽑거나 상추와 방울토마토 모종을 심고 가꾸는 소소한 육체 활동에서 만족감을 느낍니다. 따로 운동 시간을 내기보다는 아이의 손을 잡고 동네 산책길을 천천히 걷거나 집안일을 빠르게 처리하는 것으로 최소한의 움직임을 유지합니다.,"박민혜 씨는 주말이면 국립아시아문화전당의 기획 전시를 천천히 둘러보거나 서구 골목에 숨은 작은 갤러리를 찾아다니며 정서적 허기를 채웁니다. 특히 아이폰 카메라로 마당 식물이 자라나는 과정을 세밀하게 찍어 기록하고, 밤에는 아이유의 노래를 크게 틀어놓고 멍하니 천장을 바라보며 생각에 잠기는 시간을 즐깁니다.",박민혜 씨는 화려한 해외여행이나 낯선 관광지를 찾아다니기보다 명절이나 휴가 때면 친정 부모님 댁을 방문해 익숙한 집밥을 먹으며 정을 나누는 여행 방식을 고수합니다. 아이와 함께 외가댁 마당에서 시간을 보내며 가족이라는 울타리가 주는 안정감 속에서 비로소 완전한 정신적 휴식을 취합니다.,"박민혜 씨는 2주에 한 번 외식을 할 때면 고깃집보다는 나물 반찬이 정갈하게 나오는 보리밥 정식집을 찾고, 주 1회 배달 음식을 시킬 때는 꾸덕한 크림 파스타나 라자냐 같은 양식을 선택합니다. 아이가 잠든 뒤 거실 테이블에 배달 온 피자를 펼쳐놓고 유튜브 영상을 시청하며 혼자만의 야식을 즐기는 것이 일주일의 가장 큰 낙입니다.","박민혜 씨는 이혼 후 광주 서구의 단독주택에서 아이를 홀로 키우며, 엄격한 훈육보다는 아이의 감정을 먼저 살펴주는 부드러운 엄마의 역할을 수행합니다. 때로는 혼자 모든 것을 책임져야 한다는 중압감에 가슴이 답답해지기도 하지만, 아이의 천진난만한 웃음소리를 들으며 다시 일어설 힘을 얻는 강인한 면모를 지녔습니다.","광주 서구의 조용한 주택가에서 자녀를 키우며, 주말이면 국립아시아문화전당의 전시를 둘러보거나 근처 작은 갤러리를 찾는 생활에 익숙합니다.","응급 상황에서도 침착하게 환자의 상태를 파악해 투약을 관리하며, 보호자의 예민한 요구사항을 부드럽게 달래는 능숙한 소통 방식을 갖췄습니다.","마당 한구석에 심은 상추와 방울토마토가 자라는 모습을 사진으로 기록하고, 퇴근 후에는 좋아하는 가수의 노래를 틀어놓고 멍하니 시간을 보냅니다.","아이와 함께 보내는 저녁 시간을 확보할 수 있도록 근무 형태를 조정하며, 병동 내에서 동료와 후배들에게 신뢰받는 중간 관리자로 자리 잡길 바랍니다.",openai/gpt-5.4-mini
b900962595034e6c846c8c98517f049c,여자,41,배우자있음,기타2세대,다세대주택,4년제 대학교,예술·인문,"전직 학습지 방문강사, 현재 구직중",서울,서울-양천구,"심지영 씨는 인문학적 소양과 섬세한 소통 능력을 갖춘 41세 전직 교육자로, 일과 삶의 균형이 보장된 안정적인 지역 사회 일자리를 찾는 양천구 주민입니다.","심지영 씨는 방문강사 시절 목동 학부모들의 까다로운 요구사항을 유연하게 조율하며 아이들의 학습 진도를 세밀하게 맞췄으며, 현재는 집 근처의 교육 행정실이나 지역 상담소에서 정해진 업무를 성실히 수행하는 안정적인 일자리를 찾고 있습니다.","심지영 씨는 평일에는 집 근처 헬스장에서 런닝머신과 웨이트 기구를 규칙적으로 이용하고, 주말이면 남편과 함께 양평 세미원이나 파주의 수목원을 찾아 천천히 걸으며 몸과 마음의 긴장을 풉니다.","심지영 씨는 대학에서 인문학을 전공한 섬세한 감각을 바탕으로 동네 작은 도서관의 큐레이션 서가를 살피거나, 김초엽 작가의 소설처럼 서정적인 문체가 돋보이는 에세이를 읽으며 정서적 충전을 합니다.",심지영 씨는 복잡한 도심보다는 남편과 함께 가평의 아침고요수목원처럼 초록빛 자연 풍경이 펼쳐진 곳을 찾아 조용히 산책하며 머릿속의 복잡한 생각들을 비워내는 여행을 즐깁니다.,"심지영 씨는 2주에 한 번 정도 동네 한우 전문점에서 가족과 식사를 하며, 평소에는 단골 베이커리에서 갓 구운 치아바타를 사와 집에서 직접 내린 커피와 곁들여 먹는 소박한 일상을 보냅니다.","심지영 씨는 배우자와 함께 양천구의 조용한 주택가에서 서로의 개인적인 시간을 존중하며 지내고 있으며, 가정 내의 평온함과 정서적 유대감을 삶의 가장 중요한 가치로 여깁니다.","양천구 목동의 조용한 주택가에서 오래 거주하며, 인문학적 소양을 일상에 녹여내는 삶을 지향합니다. 예술 전공자 특유의 섬세한 감각이 있지만, 현실적인 생활인으로서 동네 작은 도서관의 큐레이션이나 소소한 전시회를 통해 마음의 안정을 찾는 편입니다.","방문강사 시절, 학부모들의 까다로운 요구사항을 유연하게 조율하며 아이들의 학습 수준에 맞춘 세밀한 진도 계획을 짜는 데 능숙합니다. 상대방의 표정만 보고도 현재 기분을 읽어내어 적절한 대화 주제로 분위기를 전환하는 소통 능력을 갖췄습니다.","주말이면 남편과 함께 파주나 양평의 한적한 수목원을 찾아 걷으며 머릿속의 복잡한 생각들을 비워냅니다. 평소에는 동네 헬스장에서 정해진 루틴대로 기구를 사용하는 시간에 집중하며, 가끔은 단골 베이커리에서 갓 구운 치아바타를 사서 집에서 커피와 함께 읽는 에세이 한 권으로 소모된 마음을 충전합니다.",거창한 성공보다는 집에서 가까운 곳에서 규칙적으로 출퇴근하며 일과 삶의 균형을 맞출 수 있는 안정적인 교육 행정직이나 지역 사회 기반의 상담직을 찾고 있습니다. 과도한 성과 압박이 없는 환경에서 자신의 성실함이 실질적인 도움으로 이어지는 일을 원합니다.,openai/gpt-5.4-mini
e3045f8a654c4c55b182efe66d8414f9,남자,39,배우자있음,배우자와 거주,아파트,4년제 대학교,농림어업·수의학,생산관리 사무원,서울,서울-관악구,"최제헌 씨는 현장의 거칠음과 사무실의 정교함을 모두 다룰 줄 아는 유연한 성격의 30대 후반 생산관리자로, 내 집 마련의 안정감 속에서 캠핑과 예술을 통해 삶의 여유를 찾는 인물입니다.",최제헌 씨는 공사 현장 반장들의 거친 말투를 능숙하게 받아내면서도 본사의 깐깐한 행정 요구사항을 조용히 해결하는 조율사입니다. 자재 수급에 갑작스러운 차질이 생겨도 평소 친분을 쌓아둔 거래처 사장들에게 전화를 돌려 빠르게 대체 인력과 물량을 확보하며 상황을 수습합니다.,최제헌 씨는 프리미어리그 토트넘 경기가 있는 날이면 거실 소파에 자리를 잡고 시원한 캔맥주를 마시며 손흥민의 움직임 하나하나에 환호합니다. 가끔은 아내의 손을 잡고 상암 월드컵 경기장을 찾아 현장의 뜨거운 함성 속에서 일주일치 업무 스트레스를 날려버립니다.,최제헌 씨는 복잡한 현장 업무로 머릿속이 무거워질 때면 국립현대미술관을 찾아 정적인 공간이 주는 고요함을 즐깁니다. 난해한 현대 미술 작품 앞에 멍하니 서서 아무 생각 없이 시간을 보내며 흐트러진 마음을 정리하고 정신적인 환기를 시킵니다.,최제헌 씨는 주말이면 아내와 함께 포천의 한적한 숲속 캠핑장으로 떠나 장작을 패고 불멍을 하며 진정한 휴식을 취합니다. 텐트 안에서 빗소리를 듣거나 숲 내음을 맡으며 아무것도 하지 않는 시간을 보내며 다시 일주일을 버틸 에너지를 충전합니다.,최제헌 씨는 주중에 바쁠 때는 배달 앱으로 파스타나 리조또 같은 양식을 시켜 간편하게 끼니를 해결합니다. 2주에 한 번쯤 아내와 외출할 때는 고기집 대신 정갈한 나물 반찬이 나오는 보리밥집이나 청국장 전문점을 찾아 건강한 한 끼를 즐깁니다.,"최제헌 씨는 아내와 함께 신림동 골목길에 숨어 있는 오래된 전집에서 소주 한 잔을 나누며 소소한 일상의 대화를 나눕니다. 서로의 성격이 잘 맞아 큰 갈등 없이 지내지만, 가끔 집안일 분담 문제나 느슨한 정리 습관 때문에 아내에게 잔소리를 듣기도 합니다.","관악구 신림동 일대의 북적이는 분위기에 익숙하며, 대학 시절 전공한 농림어업 지식을 바탕으로 도시 조경 및 토목 공사 현장의 생리를 익혔습니다. 스마트폰 앱으로 배달 음식을 시키는 일상에 능숙하면서도, 가끔은 아내와 함께 관악산 자락의 오래된 노포에서 소주 한 잔을 기울이며 세월의 흔적을 느끼는 시간을 갖습니다.","현장 작업자들의 거친 성향과 사무실의 행정적 요구 사이에서 적절한 타협점을 찾아내는 조율 능력이 탁월합니다. 공사 일정에 갑작스러운 변수가 생겨도 당황하지 않고, 평소 쌓아온 현장 반장들과의 유대감을 활용해 빠르게 인력을 재배치하고 자재 수급 문제를 해결합니다.","주말이면 아내와 함께 가평이나 포천의 한적한 캠핑장으로 떠나 장작불을 피우며 일주일의 피로를 풀고, 평소에는 집에서 넷플릭스로 해외 축구 경기를 챙겨보며 캔맥주를 마십니다. 가끔은 시내의 현대 미술관을 찾아 조용히 작품을 감상하며 복잡한 머릿속을 비워내곤 합니다.",현재의 안정적인 흐름을 유지하며 업무 프로세스를 효율적으로 개선해 정시 퇴근 후의 개인적인 시간을 확보하는 것에 가치를 둡니다. 먼 미래에는 자신의 전공과 경력을 결합하여 소규모 전문 조경 컨설팅 사무실을 운영하며 적당한 책임감과 여유가 공존하는 삶을 살고 싶어 합니다.,openai/gpt-5.4-mini
9ce13c8deef843faad86c5f5a102bb4c,여자,59,배우자있음,배우자·자녀와 거주,아파트,고등학교,해당없음,무직,경기,경기-이천시,"홍우영 씨는 이천의 정겨운 공동체 속에서 살림의 지혜와 다정함을 나누며, 건강한 노후와 나만의 자아를 찾아가는 50대 후반의 여성입니다.",홍우영 씨는 이천시청이나 구청의 복잡한 서류 접수를 어려워하는 동네 주민들을 위해 민원 신청서를 대신 검토해주고 꼼꼼하게 정리해주는 아파트 단지의 해결사 역할을 합니다.,"홍우영 씨는 지역 배구 동호회에서 코트를 누비며 땀을 흘릴 때 가장 큰 해방감을 느끼며, 경기 후에는 동료들과 함께 뜨끈한 사우나에서 피로를 푸는 루틴을 즐깁니다.","홍우영 씨는 이천의 도자기 거리에서 눈여겨본 소담한 그릇들을 수집하며, 홀로 여행하며 찍은 풍경 사진들을 엮어 세상에 하나뿐인 나만의 사진첩을 만들겠다는 소박한 꿈을 키우고 있습니다.",홍우영 씨는 가끔씩 홀로 배낭을 메고 전국의 조용한 숲길이나 이름 모를 산책로를 찾아가 나무 사이로 비치는 햇살을 바라보며 복잡한 마음을 정리하는 시간을 갖습니다.,"홍우영 씨는 갓 지은 이천 쌀 솥밥과 정갈한 나물 반찬으로 가족의 식탁을 차려내지만, 보름에 한 번은 기분 전환을 위해 분위기 좋은 레스토랑에서 꾸덕한 크림 파스타를 즐깁니다.","홍우영 씨는 수십 년간 자녀 뒷바라지와 집안일에 헌신하며 가족의 든든한 버팀목이 되었고, 이제는 성인이 된 자녀들과 함께 거실에 모여 TV 프로그램을 보며 소소한 이야기를 나누는 시간을 소중히 여깁니다.","이천의 쌀 농사와 도자기 문화가 어우러진 분위기 속에서 오랜 시간 거주하며, 집안의 안살림을 책임지는 세대의 삶을 살아왔습니다. 고등학교 졸업 후 빠르게 가정을 꾸려 자녀들을 뒷바라지하며, 아파트 단지 내의 소소한 인간관계를 통해 정서적 유대감을 쌓아온 환경에서 성장했습니다.","수십 년간 가족의 식단을 책임지며 이천 쌀을 활용한 솥밥과 정갈한 밑반찬을 만드는 데 능숙하며, 살림살이를 빈틈없이 정리하는 습관이 몸에 배어 있습니다. 특히 동네 주민들이 어려워하는 복잡한 행정 서류 정리나 구청 민원 업무를 꼼꼼하게 처리해 주어 주변의 두터운 신뢰를 받습니다.","주말이면 이천 설봉공원의 산책로를 천천히 걸으며 계절의 변화를 살피고, 가끔은 홀로 조용한 숲길을 찾아가 마음을 정리하는 시간을 갖습니다. 지역 배구 동호회에서 활동하며 땀을 흘려 스트레스를 풀고, 이따금 분위기 있는 이탈리안 레스토랑에서 파스타를 즐기며 기분을 전환합니다.","이제는 가족을 위한 희생보다 자신의 몸을 돌보는 것에 집중하며, 공복혈당 수치를 낮추기 위해 매일 정해진 시간에 산책하는 습관을 완전히 정착시키려 노력합니다. 언젠가는 혼자만의 여행지에서 찍은 사진들을 엮어 소박한 개인 사진첩을 만들어보고 싶다는 소망이 있습니다.",openai/gpt-5.4-mini
ae812d1d3fa84f51a605e7973c246657,여자,65,사별,혼자 거주,아파트,중학교,해당없음,시설 경비원,서울,서울-강동구,"박양덕 씨는 강동구 아파트의 베테랑 경비원으로, 철저한 자기관리와 책임감으로 홀로서기를 실천하며 디지털 세상에 적응하려 노력하는 60대 여성입니다.","박양덕 씨는 강동구 아파트 단지의 시설 경비원으로 근무하며, 출입 명부의 칸 하나나 나간 전구 하나까지 놓치지 않는 세심함으로 입주민들의 깊은 신뢰를 받습니다. 분 단위로 정해진 순찰 경로를 엄격하게 지키는 책임감을 갖췄으며, 단순 경비를 넘어 단지 내 디지털 기기 관리까지 도맡아 하고 싶어 하는 의욕을 보입니다.","박양덕 씨는 이른 새벽 아무도 없는 단지 주변 골목길을 천천히 걷는 산책으로 하루를 시작하며, 업무 중 수행하는 정기 순찰을 통해 최소한의 신체 활동을 유지합니다. 땀 흘리는 격렬한 운동보다는 사우나에서 땀을 빼거나 가벼운 걸음걸이로 몸을 움직이는 것을 선호합니다.","박양덕 씨는 스마트폰으로 맞고나 퍼즐 게임을 즐기며 잡념을 없애고, TV 프로그램을 시청하며 세상 돌아가는 이야기를 접하는 것으로 여가 시간을 보냅니다. 새로운 디지털 기기 사용법을 익히는 것에 거부감이 없으며, 배운 기능을 실생활에 적용해 보려는 호기심이 많습니다.",박양덕 씨는 가끔 자녀들과 함께 경주나 부여 같은 역사 유적지를 찾아다니며 옛이야기를 나누는 여행을 통해 가족 간의 유대감을 확인합니다. 화려한 관광지보다는 고즈넉한 분위기가 느껴지는 장소에서 마음의 평안을 찾으며 천천히 둘러보는 여행을 즐깁니다.,"박양덕 씨는 천호동 시장에서 직접 고른 제철 나물을 듬뿍 넣어 끓인 들깨 시래기국을 가장 좋아하며, 평소에는 고기 없는 소박한 한식 위주로 식사를 준비합니다. 한 달에 한 번 정도는 외식을 하며 고기가 들어가지 않은 한식 메뉴를 선택하고, 가끔은 젊은 세대가 즐기는 햄버거로 입맛을 바꿉니다.","박양덕 씨는 사별 후 강동구의 작은 아파트에서 홀로 지내고 있지만, 자녀들이 경제적 부담을 느끼지 않게 하려는 마음 하나로 매일 아침 엄격하게 집안을 정리하며 규칙적인 삶을 삽니다. 신중하고 차분한 성격으로 자식들과 적당한 거리를 유지하며 서로를 배려하는 관계를 유지합니다.","강동구의 논밭이 아파트 단지로 변해가는 과정을 모두 지켜보며 살아왔습니다. 중학교 졸업 후 곧바로 생업에 뛰어들어 가족을 부양해야 했던 세대의 책임감이 강하며, 사별 후 홀로 지내는 지금도 매일 아침 정해진 시간에 일어나 집안을 정리하는 엄격한 생활 규칙을 유지합니다.","근무지의 출입 명부를 단 한 줄의 오차 없이 기록하며, 입주민들이 말하지 않아도 불편해하는 지점을 미리 찾아내어 조치하는 세심함을 보입니다. 정해진 순찰 경로를 분 단위로 정확하게 지키며 시설물의 작은 균열이나 전구 하나 나간 것까지 잡아내는 관찰력이 탁월합니다.","스마트폰으로 맞고나 퍼즐 게임을 하며 머리를 식히고, 주말이면 천호동 시장에서 산 제철 나물로 들깨 시래기국을 끓여 먹습니다. 스트레스가 심한 날에는 동네 목욕탕 뜨거운 탕에 몸을 담그거나, 이른 새벽 아무도 없는 골목길을 걸으며 담배 한 대를 피우는 것으로 마음을 달랩니다.",자녀들에게 경제적 부담을 주지 않도록 현재의 일자리를 최대한 오래 유지하며 매달의 고정 수입을 안정적으로 확보하는 것에 집중합니다. 틈틈이 배운 스마트폰 활용 능력을 바탕으로 단순 경비 업무를 넘어 단지 내 디지털 기기 관리를 돕는 역할까지 수행해보고 싶어 합니다.,openai/gpt-5.4-mini
da18fe126702436aa46b102ac8ea45d9,남자,43,배우자있음,배우자·자녀와 거주,아파트,고등학교,해당없음,시설 경비원,서울,서울-강서구,"신성일 씨는 성실한 시설 경비원이자 예술적 감수성을 간직한 40대 가장으로, 내 집 마련의 꿈과 전문적 성장을 향해 묵묵히 나아가는 인물입니다.","신성일 씨는 강서구의 한 아파트 단지에서 배전반 위치와 소방 시설 작동 원리를 완벽하게 꿰고 있는 베테랑 경비원으로, 입주민들의 사소한 불편함을 수첩에 적어 해결하는 세심함으로 두터운 신뢰를 받고 있습니다. 퇴근 후에는 소방설비기사 자격증 문제집을 펼쳐놓고 시설 관리자로 도약하기 위한 공부에 매진하며 전문적인 커리어를 꿈꿉니다.","신성일 씨는 주말이면 동네 당구장에서 3쿠션의 정교한 각도를 계산하며 지인들과 가벼운 농담을 나누고, 시즌 중에는 가족들과 함께 잠실 야구장을 찾아 LG 트윈스의 응원가를 목청껏 부르며 일상의 답답함을 털어냅니다. 평소에는 거실 소파에 깊숙이 파묻혀 해외 축구 하이라이트 영상을 보며 전술적인 움직임을 분석하는 시간을 즐깁니다.","신성일 씨는 마곡지구의 한적한 카페 구석 자리에 앉아 이름 모를 현대미술 전시 팸플릿을 읽으며 상상의 나래를 펼치고, 유튜브로 안도 타다오의 건축물을 찾아보며 공간이 주는 안락함에 몰입합니다. 학창 시절 탐독하던 만화 잡지의 감성을 잊지 못해 가끔은 오래된 헌책방을 뒤져 옛날 만화책을 수집하는 소소한 기쁨을 누립니다.",신성일 씨는 휴가철이면 아이들과 함께 강원도 양양으로 떠나 서핑 체험에 도전하거나 루지 같은 레포츠를 즐기며 가족들과의 유대감을 쌓습니다. 유명 관광지를 바쁘게 돌아다니기보다 가족들이 편하게 쉴 수 있는 쾌적한 리조트 시설을 꼼꼼히 확인하고 예약하는 일에 더 많은 공을 들입니다.,"신성일 씨는 일주일에 대여섯 번은 가족들과 함께 동네 돼지갈비 집에서 저녁 식사를 하며, 가끔 분위기를 내고 싶을 때는 마곡나루 근처의 이탈리안 레스토랑에서 크림 파스타를 즐깁니다. 일요일 밤에는 일주일의 마무리로 치킨 한 마리를 배달시켜 아내와 함께 예능 프로그램을 시청하는 것이 정해진 일과입니다.","신성일 씨는 배우자와 두 아이를 위해 묵묵히 집안의 기둥 역할을 수행하며, 아이들이 공부하는 책상 조명 하나까지 세심하게 챙기는 다정한 아버지입니다. 전세집이라는 불안정한 환경 속에서도 아이들에게는 정서적인 안정감을 주기 위해 노력하며, 주말이면 함께 서울식물원 산책로를 천천히 걷는 시간을 가장 아낍니다.","강서구 마곡지구의 세련된 빌딩숲과 오래된 주택가가 공존하는 동네에서 생활하며, 학창 시절부터 만화책과 음악 잡지를 탐독하던 습관이 남아 있습니다. 퇴근 후에는 집 근처 작은 카페의 구석 자리에 앉아 낯선 장르의 전시회 팸플릿을 읽으며 자신만의 상상 세계에 빠져드는 시간을 소중히 여깁니다.","아파트 단지 내의 모든 배전반 위치와 소방 시설의 작동 원리를 세밀하게 파악하고 있어, 돌발적인 정전이나 누수 사고 시 누구보다 빠르게 정확한 지점을 찾아내 조치합니다. 입주민들이 스치듯 말한 불편 사항을 수첩에 꼼꼼히 적어두었다가 며칠 뒤 해결책을 제시하는 세심함으로 단지 내에서 신뢰가 두텁습니다.","주말이면 동네 당구장에서 3쿠션 경기를 하며 지인들과 가벼운 농담을 나누고, 집에서는 유튜브로 세계의 독특한 건축물이나 공간 디자인 영상을 찾아보며 영감을 얻습니다. 혈압 관리 때문에 조심스럽지만, 시즌 중에는 가족들과 함께 야구장에 가서 응원가를 부르며 일상의 답답함을 털어내곤 합니다.","소방설비기사 자격증을 취득해 현재의 경비 업무를 넘어 전문적인 시설 관리자로 성장하여 가족들에게 더 안정적인 생활 환경을 제공하고 싶어 합니다. 매달 월급의 일부를 떼어 저축하며, 전세 계약의 불안함에서 벗어나 가족들이 마음 편히 쉴 수 있는 내 집 마련의 꿈을 구체적인 적금 통장 숫자로 확인하며 버팁니다.",openai/gpt-5.4-mini
7a8c64b55c6e494382bfddea2d90196f,남자,58,배우자있음,배우자와 거주,아파트,4년제 대학교,경영·행정·법,철도 기관사,제주,제주-제주시,"장윤제 씨는 제주시에서 철도 기관사로 일하며 질서 정연한 삶을 추구하지만, 빵과 낚시라는 소박한 취향과 약간의 복부 비만을 가진 50대 후반의 가장입니다.","장윤제 씨는 수십 년간 정해진 선로 위를 달리는 철도 기관사로 근무하며 매뉴얼을 생명처럼 여기는 직업적 강박을 갖게 되었으며, 대학 시절 전공한 법학 지식을 활용해 복잡한 행정 서류나 공문서 처리까지 꼼꼼하게 도맡아 처리하는 숙련된 직장인입니다.","장윤제 씨는 해 질 녘 탑동 바닷바람을 맞으며 가볍게 조깅하는 습관이 있으며, 주말에는 거실에 편하게 기대앉아 스포츠 중계 화면을 통해 경기를 관람하며 소소한 응원을 즐깁니다.","장윤제 씨는 주말마다 아내의 손에 이끌려 제주시내의 유명한 빵집을 찾아다니며 갓 구운 소금빵의 향기를 맡는 시간을 좋아하고, 잠들기 전 유튜브로 전국의 낚시 명당 영상을 찾아보며 대리 만족을 느낍니다.","장윤제 씨는 오랜 친구들과 함께 낯선 도시의 랜드마크를 둘러보는 시티투어 버스 여행을 즐기며, 화려한 관광지보다는 그 도시의 행정 중심지나 오래된 거리의 질서 정연한 풍경을 관찰하는 것에 흥미를 느낍니다.","장윤제 씨는 일주일에 다섯 번 정도 집 밖에서 식사를 해결하며, 특히 칼칼한 고등어조림이나 담백한 나물 반찬이 나오는 한식당을 자주 찾고 후식으로는 반드시 달콤한 디저트 빵을 곁들여 먹습니다.","장윤제 씨는 아내와 함께 제주시 아파트에서 오순도순 살며 평소에는 과묵하고 조용한 남편이지만, 집안의 중요한 서류 정리나 법적 절차가 필요한 순간만큼은 가장으로서의 단호함과 정확함을 보여줍니다.","제주 제주시의 아파트에서 오래 거주하며 섬 특유의 여유로운 분위기에 익숙해졌지만, 철도라는 정해진 궤도를 달리는 직업적 습관 때문에 내면에는 질서와 안정감을 중시하는 성향이 강하게 자리 잡고 있습니다.","수십 년간 열차의 안전 운행을 책임지며 돌발 상황에서도 침착하게 매뉴얼대로 대응하는 능력이 몸에 배어 있으며, 대학 시절 전공을 살려 복잡한 행정 서류나 법적 절차를 꼼꼼하게 처리하는 일에 능숙합니다.","혈압 관리를 위해 매일 저녁 탑동 해안로를 따라 가볍게 조깅을 하고, 주말에는 아내와 함께 제주 시내의 유명한 베이커리 카페를 찾아 갓 구운 빵을 즐기거나 고등어조림 같은 깔끔한 한식 식당을 방문합니다.","정년퇴직 전까지 큰 사고 없이 무사히 운행을 마치는 것을 최우선으로 하며, 퇴직 후에는 제주 곳곳의 숨은 낚시 포인트를 찾아다니며 조용히 시간을 보내는 소박한 일상을 계획하고 있습니다.",openai/gpt-5.4-mini
f9392a8b2162404ea58d80d618ecde43,여자,51,배우자있음,배우자·자녀와 거주,단독주택,2~3년제 전문대학,해당없음,무직,서울,서울-강북구,"허효주 씨는 서울 강북구의 오래된 정취 속에서 식물과 빈티지 소품을 사랑하며, 일상의 평범함 속에 예술적 낭만을 간직하고 살아가는 50대 여성입니다.","허효주 씨는 현재 직업은 없지만, 낡은 서랍장에 감각적인 색을 입혀 새 가구로 만드는 리폼 솜씨가 뛰어나며 언젠가 수유동 골목에 작은 식물 공방을 열어 소소한 수입을 올리는 삶을 꿈꿉니다.",허효주 씨는 베란다에서 몬스테라 잎을 하나하나 정성스럽게 닦아내거나 수유동의 오래된 골목길을 천천히 산책하는 정적인 활동을 통해 몸을 움직입니다.,"허효주 씨는 주말 밤 가족들이 모두 잠든 시간, 넷플릭스로 독립 영화를 감상하며 자신만의 예술적 취향을 가꾸고 공간의 분위기를 바꾸는 과감한 색채 활용을 즐깁니다.",허효주 씨는 가족들과 함께 조용한 휴양지로 떠나 낯선 풍경 속에서 아무런 계획 없이 푹 쉬며 에너지를 재충전하는 시간을 갖습니다.,"허효주 씨는 일주일에 한 번 가족들과 함께 나물 비빔밥 같은 담백한 한식을 먹고, 또 다른 날에는 배달 앱으로 피자와 버거를 시켜 먹으며 식탁의 변화를 줍니다.","허효주 씨는 배우자와 자녀들이 함께 사는 단독주택에서 가족들을 세심하게 챙기며, 동시에 혼자만의 방에서 정적인 시간을 보내며 개인의 자아를 지켜나갑니다.","수유동의 오래된 골목길, 낮은 담벼락이 이어진 단독주택가에서 나고 자란 정서를 가지고 있으며, 유년 시절 시장 상인들의 활기와 산동네의 고즈넉함을 동시에 경험하며 성장했습니다. 전문대 졸업 후 사회생활을 하며 겪은 현실적인 제약 속에서도 내면의 예술적 갈증을 버리지 못한, 시대의 요구와 개인의 취향 사이에서 균형을 잡으려 노력해온 중년 여성의 정체성을 지닙니다.","공간의 분위기를 바꾸는 색감 활용 능력이 뛰어나며, 손재주를 이용해 낡은 가구에 새 생명을 불어넣는 리폼 작업에 능숙합니다. 전공과 무관하게 오랫동안 독학으로 익힌 식물 관리법을 통해 까다로운 열대 관엽식물들을 죽이지 않고 무성하게 키워내는 감각을 갖추고 있습니다.","볕이 잘 드는 베란다에서 몬스테라와 칼라테아 잎을 닦아주며 시간을 보내고, 가끔 동묘 구제시장을 돌아다니며 독특한 모양의 빈티지 소품을 찾아내는 일에 몰입합니다. 주말 저녁에는 가족들이 잠든 후 넷플릭스로 독립 영화를 보며 시원한 화이트 와인 한 잔을 곁들이는 정적인 시간을 즐깁니다.","거창한 사회적 성공보다는 퇴직 후의 삶을 준비하며, 동네 작은 골목에 자신만의 취향이 담긴 작은 식물 공방이나 티룸을 열어 소소하게 운영하고 싶어 합니다. 정해진 출퇴근 시간 없이 마음 맞는 사람들과 차를 마시며 이야기를 나누는 느슨한 형태의 경제 활동을 꿈꿉니다.",openai/gpt-5.4-mini
c17ee142872a499099622ab969e7b6c0,여자,19,미혼,부모와 동거,아파트,고등학교,해당없음,무직,경기,경기-구리시,"이현지 씨는 경기 구리시에 거주하며 웹툰과 정적인 휴식을 사랑하고, 안정적인 일상과 원만한 인간관계를 지향하는 19세 청년입니다.","이현지 씨는 뚜렷한 사회적 성공보다는 정해진 매뉴얼에 따라 움직이는 문서 관리나 기록 업무에서 편안함을 느끼며, 직장 동료의 미묘한 기색을 살펴 갈등을 미리 잠재우는 유능한 중재자가 되기를 꿈꿉니다.","이현지 씨는 땀 흘리는 격렬한 운동보다는 한강 변 산책로를 따라 천천히 걷거나, 남양주 물의 정원 같은 곳에서 가만히 풍경을 감상하며 정적인 시간을 보내는 것을 즐깁니다.","이현지 씨는 네이버 웹툰의 로맨스 판타지 장르를 밤새워 정주행하며 그 세계관에 몰입하고, 친구들의 취향을 정확히 분석해 딱 맞는 콘텐츠를 족집게처럼 추천해 주는 능력을 갖추고 있습니다.",이현지 씨는 마음 맞는 친구들과 함께 남양주 물의 정원처럼 한적한 자연 경관이 펼쳐진 곳을 찾아가 멍하니 풍경을 바라보며 복잡한 머릿속을 비워내는 시간을 갖습니다.,"이현지 씨는 구리 전통시장 근처의 단골 이자카야에서 가벼운 안주에 술잔을 기울이거나, 갈매동 상가에 있는 분식집에서 떡볶이와 튀김을 먹으며 일상의 소소한 즐거움을 찾습니다.","이현지 씨는 부모님이 마련해주신 아파트에서 함께 지내며 갈등을 피하기 위해 부모님의 의견에 적당히 맞추어 지내지만, 정작 자신의 방 정리나 개인 소지품 관리에는 다소 소홀한 모습을 보입니다.","구리시 갈매동 아파트 단지 주변의 익숙한 상가들과 한강 변 산책로에서 대부분의 시간을 보냅니다. 유행하는 최신 팝업스토어를 찾아다니기보다 늘 가던 단골 분식집이나 코인 노래방에서 편안함을 느끼며, 10대 후반의 정서와 지역 사회의 정적인 분위기가 섞인 일상을 보냅니다.",상대방의 미묘한 표정 변화나 말투를 빠르게 읽어내어 갈등이 생기기 전 분위기를 부드럽게 만드는 능력이 탁월합니다. 평소 방대한 양의 웹툰과 영상을 소비하며 쌓인 데이터로 친구들의 취향에 딱 맞는 콘텐츠를 족집게처럼 추천해 줍니다.,"네이버 웹툰의 로맨스 판타지 장르를 밤새 몰아보거나, 친구들과 구리 전통시장 근처의 조용한 이자카야에서 가볍게 술잔을 기울입니다. 주말에는 가끔 남양주 물의 정원 같은 한적한 곳을 찾아 멍하니 풍경을 바라보며 복잡한 마음을 정리합니다.",남들 앞에 나서서 이끄는 일보다는 정해진 매뉴얼이 있고 변수가 적은 안정적인 사무직이나 기록 관리 업무를 희망합니다. 사회적 성공에 대한 강박보다는 퇴근 후의 온전한 휴식과 개인 시간이 보장되는 평범한 삶을 지향합니다.,openai/gpt-5.4-mini
f31c08811a36460597505e38a0648454,남자,59,배우자있음,배우자와 거주,단독주택,중학교,해당없음,전기 및 전자 장비 제도사,경상북,경상북-포항시 남구,"김수길 씨는 포항의 정밀 제도 전문가로서 성실하게 살아왔으며, 건강 관리와 퇴직 후의 삶에 대해 조용한 고민을 안고 있는 다정한 남편입니다.","김수길 씨는 포항의 기계 설비 현장에서 낡은 종이 도면을 최신 디지털 규격으로 정밀하게 옮겨 그리는 일을 업으로 삼고 있습니다. 김수길 씨는 정년퇴직을 앞두고 자신의 기술이 끊길까 봐 후배들의 작업물을 꼼꼼히 검토해주지만, 정작 퇴직 후의 정막함을 견디지 못해 작은 공방을 차릴지 매일 고민합니다.",김수길 씨는 주말이면 구룡포 바닷가에 낚싯대를 드리우고 찌의 움직임에 집중하며 잡념을 털어냅니다. 김수길 씨는 거창한 운동보다는 저녁 식사 후 아내와 함께 동네 골목을 천천히 걷는 것으로 하루의 피로를 풀며 숨을 고릅니다.,"김수길 씨는 최신 태블릿 PC를 능숙하게 다루며 침대에 누워 인기 웹툰의 다음 화가 올라오기만을 손꼽아 기다립니다. 김수길 씨는 조용한 음악을 틀어놓고 도면을 그리는 시간을 좋아하며, 가끔은 옛날 만화책의 추억에 젖어 시간이 가는 줄 모르고 화면을 넘깁니다.",김수길 씨는 거창한 해외여행보다는 명절이나 주말을 이용해 친척 집을 방문하며 가족 간의 정을 나누는 것을 가장 큰 즐거움으로 여깁니다. 김수길 씨는 오래된 고향 친구들과 함께 근교로 짧은 여행을 떠나 옛이야기를 나누며 소박하게 시간을 보냅니다.,"김수길 씨는 일주일의 절반 이상을 아내와 함께 남구 시내의 단골 순두부찌개 집에서 식사를 하며 소소한 일상을 공유합니다. 김수길 씨는 가끔 기분 전환이 필요할 때면 동네 중식당에서 짜장면을 시켜 먹으며 입맛을 돋우고, 배달 음식은 일주일에 단 한 번만 허락하는 나름의 규칙을 가지고 있습니다.","김수길 씨는 아내의 말에 대부분 고개를 끄덕이며 갈등을 피하려 노력하지만, 정작 본인이 원하는 것은 마음속에 꾹꾹 눌러 담는 버릇이 있습니다. 김수길 씨는 단독주택 마당에서 아내와 함께 계절 꽃을 가꾸며, 서로의 존재만으로도 안도감을 느끼는 평온한 노후를 꿈꿉니다.",포항 제철소 인근의 역동적인 산업 분위기 속에서 성장하며 일찍이 기술 숙련의 가치를 체득했습니다. 중학교 졸업 후 곧바로 현장에 뛰어들어 몸으로 부딪히며 익힌 감각과 특유의 성실함이 삶의 밑거름이 되었습니다.,"복잡한 전기 회로도를 한 치의 오차 없이 도면으로 구현해내며, 특히 오래된 구형 설비의 도면을 최신 디지털 규격으로 정밀하게 변환하는 작업에 능숙합니다.","주말이면 구룡포 바닷가에서 찌를 바라보며 마음을 가다듬고, 집에서는 태블릿 PC로 웹툰을 챙겨보며 소소한 재미를 느낍니다. 식사는 주로 아내와 함께 남구 시내의 순두부찌개 집을 찾거나 짜장면 한 그릇으로 기분을 냅니다.","정년퇴직 전까지 자신이 가진 제도 노하우를 후배들에게 빠짐없이 전수해 현장의 공백을 없애고 싶어 하며, 퇴직 후 갑자기 찾아올 적막함에 불안함을 느껴 작은 소일거리를 구상하고 있습니다.",openai/gpt-5.4-mini
