persona_uuid	sex	age	marital_status	family_type	housing_type	education_level	bachelors_field	occupation	province	district	persona_summary	professional_persona	sports_persona	arts_persona	travel_persona	culinary_persona	family_persona	cultural_background	skills_and_expertise	hobbies_and_interests	career_goals_and_ambitions	model	political_interest
5f35780db86a470d8652c185c7f4ffe7	여자	23	미혼	부모와 동거	아파트	4년제 대학교	공학·제조·건설	무직	경기	경기-파주시	조태윤 씨는 정교한 공학적 설계 능력과 풍부한 예술적 감수성을 동시에 갖춘 채, 파주에서 도시 재생 전문가라는 꿈을 향해 묵묵히 나아가는 23세 청년입니다.	조태윤 씨는 오토캐드와 BIM 소프트웨어를 능숙하게 다루며 1밀리미터의 오차도 용납하지 않는 집요함을 가진 예비 도시 재생 전문가입니다. 현재는 취업 준비생 신분이지만 매일 아침 스스로 정한 학습 분량을 체크리스트에 적어 하나씩 지워나가는 강박적인 성실함으로 하루를 보냅니다.	조태윤 씨는 복잡한 도면 작업으로 머리가 무거워질 때면 운정호수공원 산책로를 따라 끝없이 걸으며 생각을 정리합니다. 가끔은 마음이 맞는 친구들과 근처 낮은 산을 오르며 땀을 흘리고, 정상에서 내려다보는 파주의 전경을 사진으로 남기는 일을 좋아합니다.	조태윤 씨는 주말마다 헤이리 예술마을의 갤러리들을 순례하며 정교한 건축 구조 속에 숨겨진 예술적 영감을 수집합니다. 논리적인 공학도의 시선으로 공간을 분석하면서도, 캔버스 위의 과감한 색채 대비에 매료되어 멍하니 작품을 바라보는 시간이 많습니다.	조태윤 씨는 맛있는 음식을 찾아 떠나는 여행을 가장 선호하며, 친구들과 함께 전국의 유명한 빵집 지도를 그려가며 방문하는 미식 여행을 계획합니다. 단순히 먹는 것에 그치지 않고 방문한 곳의 분위기와 인테리어 요소를 세밀하게 관찰하며 기록하는 습관이 있습니다.	조태윤 씨는 2주에 한 번 정도 가족들과 함께 지글지글 구운 삼겹살이나 정갈한 한정식을 먹으며 외식을 즐깁니다. 배달 음식은 한 달에 한 번 정도로 제한하지만, 갓 구워낸 짭조름한 소금빵의 풍미에는 속수무책으로 빠져들어 파주의 유명 베이커리들을 찾아다닙니다.	조태윤 씨는 부모님과 함께 아파트에서 지내며 때로는 취업 준비로 인한 예민함에 날카로운 말을 내뱉기도 하지만, 금세 미안함을 느끼고 먼저 다가가는 딸입니다. 가족 관계에서는 협조적인 태도를 유지하면서도 자신의 진로와 가치관에 대해서는 분명하게 목소리를 냅니다.	파주 헤이리 예술마을의 갤러리들을 정기적으로 방문하며 시각적 영감을 얻고, 공학 전공자로서의 논리적 사고와 예술적 감수성 사이의 접점을 찾는 일상을 보냅니다.	오토캐드와 BIM 소프트웨어를 활용해 복잡한 구조물을 정교한 도면으로 구현해내며, 작은 수치 오류도 놓치지 않고 잡아내는 집요한 꼼꼼함을 갖췄습니다.	운정호수공원의 산책로를 따라 걸으며 복잡한 생각을 정리하고, 주말이면 친구들과 함께 파주 외곽의 유명한 소금빵 맛집을 찾아다니며 기록을 남깁니다.	실용성과 미학이 결합된 지속 가능한 도시 재생 전문가를 꿈꾸며, 현재는 취업 준비 기간임에도 불구하고 스스로 정한 일일 학습 분량을 엄격하게 완수하고 있습니다.	openai/gpt-5.4-mini	요즘 운정호수공원을 걷다 보면 마음이 복잡하다. 도면 앞에 앉아 BIM으로 구조를 다듬다가도, 1mm 오차에 집착하는 내 손끝이 정작 내 미래는 1cm도 못 맞추고 있는 것 같아 한숨이 난다. 올해 청년 고용률이 또 떨어졌다는 뉴스를 보면서, 비수도권 중소기업 가면 2년에 720만 원 준다는 청년일자리 도약 장려금 얘기가 자꾸 눈에 밟혔다. 도시 재생을 하겠다고 마음먹은 사람이 정작 어디서 시작해야 할지 모르겠다는 게 우습기도 하고.  GTX-A가 운정에서 서울역까지 뚫린 뒤 동네 분위기는 묘하게 들떴다가 다시 가라앉았다. 헤이리 오베르원 홍보관이 열린다고 떠들썩하지만, 부모님과 같이 사는 아파트 창밖으로 보이는 풍경은 그대로다. 청년월세 지원이 상시 신청으로 바뀌고 한도가 늘었다는 얘기를 듣고도, 내가 독립할 수 있는 시점이 언제일지 가늠이 안 된다. 그래도 금촌 도시재생 거점에 DMZ야생화 체험박물관이 4월에 열린다는 기사를 보고 잠깐 설렜다. 내가 꿈꾸는 일이 멀리 있지 않다는 증거 같아서.  청년미래적금이 새로 나온다는데, 일단 취업부터 해야 한다. 오늘 체크리스트는 아직 반밖에 못 지웠다.
a70aebd295594abe9d12a4af35f8f1f5	남자	75	배우자있음	배우자·자녀와 거주	아파트	초등학교	해당없음	무직	부산	부산-영도구	김인곤 씨는 영도 조선소의 거친 세월을 견뎌온 투박한 외양 속에 유연한 사고와 깊은 미식 조예를 간직한, 손주들의 다정한 소통 창구가 되고 싶은 75세 어르신입니다.	김인곤 씨는 영도 조선소의 거친 소음과 바닷바람 속에서 몸으로 부딪히며 배운 삶의 지혜를 통해, 복잡한 이론보다 현장의 흐름을 빠르게 읽어내는 감각을 지녔습니다. 공식적인 직함은 없으나 동네 사람들의 얽히고설킨 갈등을 조용히 중재하며 상황에 맞게 문제를 풀어내는 능숙한 해결사 역할을 합니다.	김인곤 씨는 격렬한 운동보다는 아파트 단지 주변을 천천히 거닐거나 벤치에 앉아 지나가는 사람들을 구경하며 시간을 보내는 정적인 휴식을 즐깁니다. 무리한 활동은 피하면서도 매일 일정한 시간에 동네 한 바퀴를 도는 규칙 없는 산책으로 몸의 긴장을 풉니다.	김인곤 씨는 매일 아침 부산일보의 사회면과 오피니언 기사를 꼼꼼히 읽으며 세상 돌아가는 이치에 귀를 기울이고, 오후에는 KBS 라디오의 음악 방송을 틀어놓고 멍하게 사색에 잠깁니다. 최신 전자기기 사용법을 배워 젊은 세대가 즐기는 영상 콘텐츠를 접하는 것에도 호기심을 보입니다.	김인곤 씨는 오랜 친구들과 함께 남포동의 숨은 일식집이나 영도의 노포 돼지국밥집을 찾아다니며 음식의 미묘한 맛 차이를 논하는 미식 여행을 가장 소중하게 여깁니다. 유명한 관광 명소보다는 현지인의 숨결이 느껴지는 오래된 식당의 분위기를 만끽하며 시간을 보냅니다.	김인곤 씨는 일주일에 두세 번 남포동의 초밥집이나 영도 시장의 돼지국밥집을 방문해 식재료의 신선도를 날카롭게 평가하며 식사하는 것을 즐깁니다. 배달 음식은 한 달에 한 번 정도 별미로 이용하며, 평소에는 직접 발걸음을 옮겨 주인의 손맛을 확인하는 정통 방식을 고수합니다.	김인곤 씨는 배우자와 자녀들이 함께 사는 집에서 가족들의 분위기를 세심히 살피며, 특히 손주들에게는 권위적인 모습보다는 말이 잘 통하는 다정한 할아버지가 되기 위해 애씁니다. 가끔은 사소한 변화에도 걱정이 앞서 가족들에게 잔소리를 늘어놓기도 하지만, 늘 가족의 화목을 최우선으로 생각하는 따뜻한 마음을 가졌습니다.	영도구의 거친 바닷바람과 조선소 소음을 들으며 성장했으며, 초등학교 졸업 후 곧바로 생업에 뛰어들어 몸으로 익힌 삶의 지혜가 깊습니다. 투박한 경상도 어르신의 외양을 하고 있지만, 생각보다 유연한 사고방식을 가져 요즘 젊은이들의 문화나 새로운 전자기기 사용법을 배우는 데 거부감이 없습니다.	수십 년간 부산 곳곳을 누비며 쌓은 미식 데이터베이스가 상당하며, 특히 재료의 신선도와 가격의 적절성을 본능적으로 파악합니다. 정해진 규칙보다는 상황에 맞게 유연하게 대처하는 능력이 뛰어나 주변 사람들의 갈등을 조용히 중재하곤 합니다.	매일 아침 부산일보를 꼼꼼히 읽으며 세상 돌아가는 일을 살피고, 오후에는 KBS 라디오의 음악 방송을 들으며 멍하게 시간을 보냅니다. 주말이면 친구들과 남포동의 일식집이나 영도의 돼지국밥집을 찾아다니며 맛의 미세한 차이를 논하는 시간을 가장 즐깁니다.	거창한 성취보다는 손주들에게 '말이 통하는 할아버지'로 기억되는 것을 중요하게 생각합니다. 최근에는 당뇨 관리를 위해 식단을 조절하면서도 맛을 놓치지 않는 자신만의 건강 식단 리스트를 만들어 가족과 공유하고 싶어 합니다.	openai/gpt-5.4-mini	올해 일흔다섯, 영도 살면서 이런저런 세월 다 겪었지마는 요즘만큼 머리 복잡한 적도 드물다. 아침마다 부산일보 펴들고 사회면부터 훑는 게 평생 버릇인데, 4월 들어서는 기초연금 개편 얘기가 자꾸 눈에 밟힌다. 단독가구 소득인정액이 247만 원으로 올라갔다 카길래 우리 집은 우째 되나 싶어 영감 친구들끼리 경로당에서 한참 떠들었다. 집값 올랐다고 연금 끊긴 노인이 5년 새 두 배라 카는데, 그게 다 남 일 같지가 않더라.  조선소 소음 들으며 큰 동네라 HJ중공업 영도조선소 미 해군 정비 계약 따냈다는 기사 보고는 솔직히 좀 뭉클했다. 우리 젊을 적 그 짠물 냄새 맡으며 일하던 자리에 다시 뱃고동이 울린다 하니 말이다. 그래도 고유가 피해지원금 신청한다고 동주민센터 갔다 오는 길에 시장 들렀는데, 돼지국밥 한 그릇이 또 올랐더라. 소비자심리지수가 99로 폭삭 내려앉았다는 게 괜한 소리가 아니다.  당뇨 관리한다고 식단 조절 중인데 GLP-1 약값 급여기준이 시대착오적이라는 의사회 회견 보고 한숨 나왔다. 손주들한테 잔소리 안 하는 할배 되려면 내 몸 내가 챙겨야지. 저녁에 라디오 틀어놓고 가만 생각하니, 거창한 거 바라는 것도 아니고 그저 약값 좀 합리적이고 연금 끊기지 않고 손주들 손잡고 남포동 초밥집 갈 수 있으면 그뿐이다. 정치하는 양반들 이 마음 좀 알아줬으면 싶다.
1f3c644213f54ca0893bb9b4276044b7	남자	48	미혼	혼자 거주	아파트	4년제 대학교	교육	무직	서울	서울-용산구	서원석 씨는 용산구 이촌동의 여유로운 생활 속에서 지적 탐구와 사회적 관계를 중시하며, 건강 관리와 식욕 사이에서 갈등하는 40대 후반의 교육학도입니다.	서원석 씨는 교육학 전공자로서 방대한 정보를 논리적으로 재구성해 전달하는 능력이 탁월하며, 현재는 정년 없는 소박한 공부방 운영을 꿈꾸며 지역 사회의 멘토로서 지식을 나누는 삶을 준비하고 있습니다.	서원석 씨는 격렬한 운동보다는 이촌동 주택가 골목을 천천히 산책하거나, 주말에 가족과 함께 제주도 오름을 오르며 풍경을 감상하는 정적인 활동으로 체력을 유지합니다.	서원석 씨는 국립중앙박물관의 특별 전시 일정을 꼼꼼하게 챙겨 관람하며 지적 자극을 얻고, 전시 작품의 배치와 흐름을 교육학적 관점에서 체계적으로 분석하며 감상하는 습관이 있습니다.	서원석 씨는 가족들과 함께 평창의 깊은 숲길을 걷거나 제주의 한적한 오름을 찾아 조용히 자연 풍경을 눈에 담으며, 복잡한 일상에서 벗어나 정서적인 충만함을 채우는 여행을 즐깁니다.	서원석 씨는 동네 단골 중식당에서 짬뽕과 탕수육으로 배를 채우거나, 일주일에 여러 번 고깃집을 찾아 두툼한 고기를 구워 먹으며 식도락의 즐거움을 만끽하는 전형적인 육식파입니다.	서원석 씨는 미혼으로 혼자 살고 있지만 가족 간의 유대가 매우 깊으며, 가족 여행 시 효율적인 이동 경로와 식당을 완벽하게 조율하여 구성원들을 세심하게 챙기는 든든한 역할을 수행합니다.	용산구 이촌동의 조용한 주택가에서 오랜 시간 거주하며, 교육학 전공자 특유의 체계적인 사고방식과 중년의 여유가 몸에 배어 있습니다. 국립중앙박물관의 특별 전시를 주기적으로 관람하며 지적인 자극을 유지하고, 동네의 오래된 상점들과의 유대감을 소중히 여기는 생활 양식을 가지고 있습니다.	방대한 정보를 논리적인 순서로 재구성하여 상대방이 이해하기 쉽게 전달하는 능력이 뛰어납니다. 사교 모임에서 구성원들의 요구사항을 빠르게 파악해 효율적인 이동 경로와 식당을 선정하는 등 실무적인 조율에 능숙합니다.	주말이면 가족들과 함께 평창의 숲길이나 제주도의 오름을 찾아 조용히 풍경을 감상하며 시간을 보냅니다. 평소에는 동네 단골 중식당에서 짬뽕과 탕수육으로 배를 채우거나, 집 근처 사우나에서 땀을 빼며 고혈압 전단계인 몸 상태를 관리하려 노력하지만 매번 고기집의 육향 앞에서는 무너지곤 합니다.	경제적 성취보다는 자신이 가진 지식을 나누며 사회적 연결감을 느끼는 삶을 지향합니다. 지역 사회 내에서 소외된 이들을 위한 작은 공부방이나 멘토링 모임을 소박하게 운영하며 정서적 충만함을 채우고자 합니다.	openai/gpt-5.4-mini	요즘 이촌동 골목을 천천히 걸으며 생각이 많아졌다. 마흔여덟, 혼자 사는 무직 신세지만 교육학 전공자로서 작은 공부방을 열어 동네 아이들과 어르신께 지식을 나누고 싶다는 꿈은 여전하다. 그런데 4월 들어 26조 원 규모 전쟁 추경이 국회를 통과하고 고유가 피해지원금이 27일부터 지급된다는 뉴스가 나오니 마음이 복잡해진다. 중동 정세가 길어지며 기름값과 장바구니 물가가 같이 뛰니, 단골 중식당 짬뽕 한 그릇 값도 슬며시 올라 있더라. 소득 하위 70%에 속한다면 나도 지원 대상일 텐데, 솔직히 받아야 하나 망설여진다. 6월 지방선거를 앞두고 여야가 민생 공약을 쏟아내는 모습은 익숙한 풍경이지만, 내가 정작 체감하는 건 국립중앙박물관 특별전을 보러 갈 때마다 늘어난 교통비, 주말 가족 외식 자리에서 슬쩍 줄어든 두툼한 갈비 한 점이다. 고혈압 전단계라 사우나에서 땀을 빼며 자제하려 하지만, 결국 고깃집 육향 앞에서 무너지는 내가 한심하면서도 우습다. 플랫폼 노동자 산재보험 확대나 최저임금 1만320원 같은 변화도 반갑긴 하나, 정작 정년 없는 소박한 멘토 삶을 준비하는 나 같은 사람에겐 의료비와 임대료 안정이 더 절실하다. 추경 돈이 신속 집행 85%라는데, 부디 일회성 지원금에서 끝나지 말고 지역 공부방 같은 작은 공동체에도 온기가 닿기를 바라본다.
281374769ed848518c131a063ed90d2e	여자	48	배우자있음	배우자·자녀·부모와 거주	아파트	4년제 대학교	보건·복지	무직	서울	서울-성북구	조태숙 씨는 성북구 골목의 정취 속에서 가족을 돌보는 헌신과 빵과 트로트라는 작은 사치를 동시에 누리는 유연한 성격의 40대 후반 여성입니다.	조태숙 씨는 보건복지 전공 지식을 활용해 동네 어르신들의 복잡한 정부 지원금 신청 서류를 막힘없이 처리해 주는 성북구의 숨은 해결사로 통합니다. 지금은 전업주부로 지내고 있지만, 집 근처 사회복지센터에서 파트타임으로 근무하며 이웃들의 소소한 고민을 들어주는 편안한 조력자로 활동하고 싶어 합니다.	조태숙 씨는 성북구의 가파른 언덕길과 오래된 골목길을 천천히 오르내리는 산책으로 하루의 활동량을 채웁니다. 땀 흘리는 격렬한 운동보다는 계절의 변화가 느껴지는 자연 명승지를 느릿하게 걷는 시간을 통해 마음의 안정을 찾습니다.	조태숙 씨는 잠들기 전 침대에 누워 유튜브로 임영웅이나 영탁 같은 트로트 가수들의 최신 무대 영상을 몰아보며 하루의 피로를 씻어냅니다. 조용한 시간에는 에세이집을 읽으며 타인의 삶에 공감하고, 때로는 책장을 덮고 한참 동안 멍하니 창밖을 바라보는 감성적인 시간을 보냅니다.	조태숙 씨는 고등학교 시절부터 함께한 단짝 친구들과 함께 조용한 온천 마을이나 숲속 펜션으로 떠나 아무것도 하지 않고 쉬는 휴양 여행을 즐깁니다. 촘촘한 일정표보다는 그날의 기분에 따라 발길 닿는 대로 움직이며 지역 축제의 시끌벅적한 분위기에 휩쓸려 구경하는 것을 좋아합니다.	조태숙 씨는 일주일에 네 번 이상 가족들과 외식을 하며, 특히 지글지글 구운 삼겹살이나 양념 갈비 같은 고기 메뉴를 가장 즐겨 찾습니다. 배달 앱으로 떡볶이를 시켜 먹는 소소한 일탈을 즐기며, 주말이면 성북동 골목의 작은 빵집들을 찾아다니며 갓 구운 소금빵을 한 봉지 가득 사는 것이 일과입니다.	조태숙 씨는 연로하신 부모님의 수발과 성장기 자녀의 뒷바라지를 동시에 수행하는 샌드위치 세대의 무게를 묵묵히 짊어지고 살아갑니다. 배우자와는 친구처럼 편안하게 지내지만, 때로는 모든 가족의 요구사항을 혼자 처리해야 한다는 사실에 남몰래 깊은 한숨을 내쉬기도 합니다.	성북구의 가파른 언덕길과 오래된 골목 정취에 익숙하며, 보건복지 전공자로서 연로하신 부모님과 성장기 자녀를 동시에 보살피는 샌드위치 세대의 현실적인 무게를 담담하게 짊어지고 살아갑니다.	전공 지식을 활용해 부모님의 만성 질환 관리와 투약 일정을 체계적으로 챙기며, 복지관의 복잡한 신청 서류나 행정 절차를 막힘없이 처리해 동네 이웃들 사이에서 해결사로 통합니다.	주말이면 성북동 골목의 작은 빵집들을 찾아다니며 갓 구운 소금빵과 치아바타를 사고, 저녁에는 침대에 누워 유튜브로 최신 트로트 무대 영상을 몰아보며 하루의 피로를 풉니다.	거창한 사회적 성공보다는 집 근처 사회복지센터에서 파트타임으로 근무하며, 자신의 유연한 성격을 살려 이웃들의 소소한 고민을 들어주는 편안한 조력자로 남기를 바랍니다.	openai/gpt-5.4-mini	요즘 성북동 언덕길을 오르내리며 부쩍 한숨이 잦아졌다. 친정어머니 약 봉투를 한 주치 정리하고 아이 학원 스케줄을 챙기다 보면 하루가 어떻게 갔는지 모르겠다. 4월부터 통합돌봄 시범 지역이 본격적으로 이용자를 모집한다는 뉴스를 봤는데, 서울은 아직 시범 6개 시·도에 끼지 못해 아쉬웠다. 우리 같은 샌드위치 세대한테는 의료·요양·주거가 한 창구로 묶이는 게 정말 절실한데, 성북구에도 빨리 와줬으면 싶다. 보건복지 전공자로서 복지관 서류는 눈 감고도 처리하지만, 정작 내 부모 일이 되면 손이 떨린다. 치매안심재산관리서비스도 4월에 시범 시행된다고 해서 자료를 찾아봤는데, 어머니께 어떻게 말을 꺼내야 할지 며칠째 고민 중이다. 요양병원 간병비 본인부담이 30%대로 내려간다는 점은 그나마 숨통이 트이는 소식이었다. 다만 3월 물가가 2.2%로 다시 올랐다는 기사를 보니, 일주일에 네 번 외식하던 우리 집 갈빗집 메뉴판이 슬쩍 무서워진다. 그래도 주말에 동네 빵집에서 갓 구운 소금빵을 한 봉지 사 들고 와, 임영웅 무대 영상을 틀어놓고 침대에 눕는 그 십 분이 내 유일한 사치다. 기초연금이 34만 9360원으로 소폭 올랐다지만 어머니 한약값에 보태면 금세 사라질 액수다. 경로당 주 5일 무상급식이 법으로 들어왔다는 점은 반가웠는데, 정작 우리 어머니는 경로당을 안 다니시니 그림의 떡이다. 정책이 촘촘해진다 한들 결국 약 챙기고 서류 떼는 손은 내 손이라는 사실이 새삼스럽다. 결론은 모르겠다. 그냥 오늘도 어머니 혈압약 시간이나 놓치지 말자고 다짐할 뿐이다.
d9381fce6e1f4c75bcc7b146b26913f8	남자	34	미혼	혼자 거주	아파트	대학원	사회과학·언론	전자제품 개발 기술자 및 연구원	광주	광주-북구	임주성 씨는 전공의 비판적 시각과 기술적 전문성을 조화시켜 조직의 윤활유 역할을 수행하며, 소소한 취미와 인간관계 속에서 안식을 찾는 현실적인 연구원입니다.	임주성 씨는 광주 북구의 자동차 부품 연구소에서 하드웨어 설계를 담당하며, 언론학 전공 시절 익힌 소통 능력을 발휘해 기술적 난제를 타 부서원들이 이해하기 쉽게 풀어내는 완충지대 역할을 수행합니다. 불필요한 야근을 줄이는 효율적인 프로세스에 집착하지만, 정작 동료들의 부탁을 거절하지 못해 남의 업무까지 떠맡아 한숨을 쉬며 처리하는 버릇이 있습니다.	임주성 씨는 평일 저녁 북구 소재의 배드민턴 클럽에서 셔틀콕을 주고받으며 업무 스트레스를 날리고, 주말 오후에는 밀린 잠을 몰아 자는 낮잠으로 방전된 체력을 보충합니다. 승부욕을 내세우기보다 함께 어울리는 분위기를 즐기며, 경기 중간중간 동료들의 고민을 들어주는 상담소 역할에 더 큰 만족감을 느낍니다.	임주성 씨는 퇴근 후 어두운 방 안에서 스마트폰으로 최신 웹툰을 정주행하거나 유튜브 알고리즘이 이끄는 대로 영상을 시청하며 하루의 적막함을 채웁니다. 가슴이 답답한 날에는 집 근처 코인 노래방을 찾아가 임창정의 노래를 목청껏 부르며 억눌린 감정을 쏟아내고 나서야 비로소 심리적 평온을 찾습니다.	임주성 씨는 주말이면 친구들과 함께 국립광주박물관의 정적을 즐기거나 무등산 인근의 오래된 유적지를 천천히 거닐며 역사의 흔적에 대해 잡담을 나눕니다. 화려한 관광지보다는 시간이 멈춘 듯한 고즈넉한 장소를 찾아다니며, 그곳에서 느끼는 안정감을 통해 일상의 소음과 직장 내 인간관계에서 오는 피로감을 씻어냅니다.	임주성 씨는 일주일에 대여섯 번은 회사 동료나 친구들과 함께 식당을 찾으며, 주로 지글지글 구운 삼겹살이나 양념 갈비 같은 고기 메뉴에 소주를 곁들이는 저녁 식사를 즐깁니다. 가끔 혼자 식사를 해결해야 할 때는 배달 앱을 켜기보다 집 근처 롯데리아나 도미노피자 매장에 직접 들러 햄버거 세트나 피자 한 판을 포장해 옵니다.	임주성 씨는 광주 북구의 아파트에서 홀로 거주하며 가족의 온기보다는 혼자만의 고요함이 주는 편안함에 익숙해진 34세의 미혼 남성입니다. 부모님과는 가끔 안부 전화를 나누지만, 정작 자신의 외로움이나 직장에서의 고충은 마음속에 묻어둔 채 베란다에서 담배 연기와 함께 날려 보내곤 합니다.	광주 북구에서 나고 자라 지역 사회의 정서에 익숙하며, 대학원에서 사회과학과 언론학을 전공하며 얻은 비판적 시각을 자동차 전장 부품이라는 현실적인 기술 분야에 접목해 살아가고 있습니다. 퇴근 후 전월세 아파트의 적막함 속에서 담배 한 대와 웹툰으로 하루의 긴장을 푸는 일상이 몸에 배어 있습니다.	자동차 전자제품 개발 연구원으로서 하드웨어 설계 능력을 갖추었으며, 특히 언론학 전공 시절 익힌 커뮤니케이션 역량을 발휘해 기술적 난제를 타 부서가 이해하기 쉽게 설명하고 조율하는 데 능숙합니다. 팀 내에서 갈등이 생기면 중간에서 완충 작용을 하며 매끄럽게 보고서를 완성하는 역할을 주로 맡습니다.	주말이면 친구들과 함께 국립광주박물관이나 인근 역사 유적지를 천천히 둘러보며 잡담을 나누는 시간을 가집니다. 평일 저녁에는 북구 소재의 배드민턴 클럽에서 땀을 흘리거나, 스트레스가 심한 날에는 코인 노래방에서 소리를 지르며 답답한 마음을 털어냅니다.	거창한 성공보다는 업무 프로세스를 효율적으로 개선해 불필요한 야근과 감정 소모를 줄이는 실용적인 직장 생활을 지향합니다. 자신의 전공 지식을 살려 기술과 사람이 조화를 이루는 전장 시스템 전문가로 인정받으며 심리적 안정감을 찾는 것을 우선순위로 둡니다.	openai/gpt-5.4-mini	퇴근하고 베란다에서 담배 한 대 무는데, 회사 단톡방이 또 시끄럽다. 우리 연구소도 4월부터 주 4.5일제 시범 도입 검토한다는 얘기. 솔직히 반갑긴 한데, 하드웨어 설계는 검증 일정이 빠듯해서 금요일 반차 쓰면 결국 목요일에 야근으로 메꿔야 한다. 1인당 80만원 지원해준다 한들, 동료가 부탁한 회로 검토까지 떠맡는 내 성격엔 그게 그거다 싶다.  전기차 등록 100만 대 돌파 뉴스 보면서는 마음이 복잡했다. 우리 부서가 만지는 전장 부품도 이제 내연차용은 천천히 줄어들고 차량 제어기, 전력 반도체 쪽으로 다 옮겨가는 중이다. 구조 전환 속도가 경쟁력이라는 산업 전망 기사를 읽으면 광주 북구 공단의 1차, 2차 협력사들이 과연 따라갈 수 있을까 걱정이 앞선다. 언론학 전공한 입장에선 이 전환의 속도 차이가 결국 누군가의 일자리 문제로 떨어질 거라는 게 보인다.  6월 지방선거 얘기도 슬슬 나온다. 문인 북구청장 재선 도전이니, 광주시장 자리를 두고 누가 나오니 하는 기사가 뜨는데, 솔직히 코인 노래방 가서 임창정 한 곡 부르고 나오는 게 정치 뉴스 스크롤보다 마음이 편하다. 청년일자리도약장려금이 비수도권 청년 중심으로 개편된다는 소식은 후배들 생각이 나서 잠깐 눈이 갔다. 우리 연구소 신입 자리도 그 덕에 한 명 더 늘면 좋을 텐데. 누구를 찍을지보단, 그저 다음 주 배드민턴 클럽 모임이 평소처럼 굴러가고, 금요일 회식 자리에 양념갈비 한 점 곁들일 소주가 차갑길 바랄 뿐이다.
d93f164913694b5cb98bfafdd4bdf2ba	여자	43	배우자있음	배우자·자녀와 거주	아파트	2~3년제 전문대학	해당없음	금형원	부산	부산-강서구	박은영 씨는 부산 강서구에서 정밀 금형 기술자로 일하며 전문성을 인정받는 40대 여성으로, 체계적인 자기관리와 가족에 대한 애정, 그리고 소소한 미용과 디저트라는 확실한 취향을 가진 인물입니다.	박은영 씨는 부산 강서구 공단 내 금형 공장에서 도면의 미세한 오차를 잡아내는 정밀 가공 전문가로 통합니다. 박은영 씨는 후배들이 헤매지 않도록 자신만의 노하우를 담은 표준 작업 지침서를 만드는 일에 매달리며 현장의 절대적인 신뢰를 받는 대체 불가능한 숙련공이 되려 합니다.	박은영 씨는 격렬한 운동보다는 주말마다 가족들과 낙동강 하구둑의 강바람을 맞으며 천천히 걷는 산책을 즐깁니다. 박은영 씨는 운동이라기보다 휴식에 가까운 느긋한 걸음걸이로 풍경을 감상하며 일주일 동안 쌓인 현장의 기계 소음을 머릿속에서 지워냅니다.	박은영 씨는 거친 금속 가루가 날리는 공장 업무를 마치고 나면 명지국제신도시의 세련된 베이커리 카페에서 화려한 조각 케이크를 먹으며 심리적 보상을 얻습니다. 박은영 씨는 손끝에 반짝이는 화려한 아트 젤네일을 올리는 시간을 통해 기술자로서의 정체성 너머에 있는 여성스러운 취향을 가감 없이 드러냅니다.	박은영 씨는 복잡한 관광지보다는 가족들과 함께 탁 트인 자연 풍경을 볼 수 있는 조용한 곳으로 여행을 떠납니다. 박은영 씨는 여행지에서도 미리 검증된 숙소와 동선만을 고집하며, 계획된 일정 속에서 가족들이 편안하게 쉴 수 있는 환경을 조성하는 데 집중합니다.	박은영 씨는 퇴근길에 가족들과 함께 동네 갈빗집이나 삼겹살집에서 고기를 구워 먹으며 하루의 피로를 풉니다. 박은영 씨는 주말 오후면 유명 빵집의 소금빵이나 생크림 케이크를 사 들고 집에 돌아와 느긋하게 낮잠을 자는 일상을 반복합니다.	박은영 씨는 배우자와 자녀들을 위해 안락한 집안 분위기를 만드는 것을 중요하게 여기며, 퇴근 후에는 다정한 어머니이자 아내의 모습으로 돌아옵니다. 박은영 씨는 가족 간의 화목을 최우선으로 생각하면서도, 가끔은 집안일에서 완전히 해방되어 아무것도 하지 않고 누워 있고 싶어 하는 욕구를 가집니다.	부산 강서구의 조용한 아파트 단지에 뿌리를 내리고 살며, 공단 지역의 역동적인 분위기와 주거지의 평온함을 동시에 누리는 삶에 익숙합니다. 40대 여성으로서 가정의 화목과 직장에서의 입지를 모두 챙기며, 이웃들과는 스스럼없이 어울리면서도 자신의 사생활은 체계적으로 관리하는 균형 잡힌 생활 양식을 가지고 있습니다.	금형 설계 도면의 미세한 오차를 잡아내어 실제 제품으로 구현하는 정밀 가공 능력이 탁월합니다. 특히 까다로운 공차 조정 작업에서 끝까지 책임지고 완성도를 높이는 집요함 덕분에 현장에서 기술적 신뢰도가 매우 높습니다.	주말이면 가족들과 낙동강 하구둑의 탁 트인 풍경을 보며 산책을 즐기고, 평일 퇴근 후에는 명지국제신도시의 세련된 베이커리 카페에서 달콤한 케이크 한 조각과 함께 밀린 잠을 보충하며 휴식합니다. 가끔은 집 근처 네일숍에서 화려한 아트 젤네일을 받으며 거친 현장 업무에서 벗어나 여성스러운 기분을 만끽합니다.	지금까지 쌓아온 기술적 노하우를 바탕으로 현장 후배들이 쉽게 따라 할 수 있는 표준 작업 지침서를 만들고자 합니다. 직함의 상승보다는 업계에서 '박 선배에게 맡기면 확실하다'는 평가를 받는 대체 불가능한 숙련 기술자로 남는 것을 목표로 합니다.	openai/gpt-5.4-mini	공장에서 도면 공차 잡다 보면 하루가 그냥 간다. 요새 후배들 가르치려고 표준 작업 지침서를 정리하고 있는데, 정작 현장은 사람이 없다. 우리 같은 중소 금형 공장은 숙련공 한 명 빠지면 라인이 흔들리는데, 2026년 들어서도 인력난 얘기만 무성하지 손에 잡히는 정책은 잘 안 보인다. 강서구가 부산에서 제일 젊다고 하지만, 그건 명지·에코델타 신도시 얘기지 공단 쪽 분위기는 또 다르다. 6월 지방선거 다가오니까 후보들이 공단이며 신도시며 다 챙기겠다고 하는데, 솔직히 말로만 듣던 얘기가 한두 번이 아니다. 요즘 진짜 와닿는 건 물가다. 1분기 생활필수품이 평균 2.3% 올랐다는데, 장 보러 가면 간장·된장값부터 손이 멈춘다. 거기다 고유가 지원금이니 뭐니 논란만 시끄럽고. 퇴근하고 명지 베이커리에서 케이크 한 조각 사 들고 오는 게 이번 달 유일한 사치다. 주말엔 그래도 낙동강 하구둑 걸으며 머리를 비운다. 애들 학교 과밀 문제, 돌봄 공백 같은 건 동네 엄마들 모이면 빠지지 않는 이야기인데, 정치권은 늘 큰 그림만 그린다. 내 일터, 내 동네 아주 사소한 것부터 좀 챙겨줬으면 좋겠다.
7990a8d88d524abb8083ca98249bbc9c	여자	35	미혼	혼자 거주	아파트	4년제 대학교	공학·제조·건설	무직	경기	경기-안양시 만안구	이지수 씨는 안양에 자가를 보유한 공학 전공의 무직자로, 구조적 분석력과 예술적 감수성을 동시에 지닌 채 소형 주거 디자인이라는 꿈을 꾸며 여유로운 일상을 보내는 인물입니다.	이지수 씨는 공학 전공자답게 거리의 낡은 빌라들을 볼 때마다 머릿속으로 도면을 다시 그리고 구조적 결함을 찾아내는 직업병이 있습니다. 현재는 쉬고 있지만, 성수동 골목에 자신의 이름을 내건 소형 주거 설계 사무실을 차려 지속 가능한 공간을 만드는 상상을 하며 전공 서적을 뒤적입니다.	이지수 씨는 매일 아침 안양천 산책길의 계절 변화를 느끼며 천천히 걷는 시간을 통해 몸과 마음을 정리합니다. 정해진 코스를 벗어나 골목길의 숨은 풍경을 찾는 것을 좋아하며, 가끔은 걷다가 마음에 드는 담벼락을 발견하면 멈춰 서서 한참을 관찰합니다.	이지수 씨는 주말마다 서울식물원이나 인근 수목원을 찾아가 작은 스케치북에 나무의 곡선과 건축물의 조화를 세밀하게 그려냅니다. 공학적인 치밀함으로 사물을 분석하면서도 그 안에 깃든 예술적 감성을 찾아내려 애쓰며, 가끔은 현실성 없는 파격적인 공간 구조를 구상하며 혼자 즐거워합니다.	이지수 씨는 친한 친구들과 함께 강원도 평창의 숲속 펜션이나 제주도의 한적한 오름을 찾아가 자연이 주는 압도적인 풍경 속에서 휴식을 취합니다. 숨겨진 작은 마을의 오래된 집들을 구경하며 그 구조적 특징을 메모하는 독특한 여행 방식을 고수합니다.	이지수 씨는 주 3회 정도 배달 앱으로 꾸덕한 크림 파스타나 라자냐를 시켜 먹으며 미식의 즐거움을 찾고, 한 달에 한 번 정도는 친구들과 함께 두툼한 삼겹살집에서 소주 한 잔을 기울입니다. 요리 솜씨가 나쁘지 않아 가끔 집에서 파스타를 만들기도 하지만, 설거지 거리가 쌓이는 것이 싫어 결국 다시 배달 앱을 켜는 모순을 보입니다.	이지수 씨는 미혼으로 혼자 살며 독립적인 생활을 만끽하지만, 가끔 부모님 댁을 방문해 집안의 낡은 전등을 갈아드리거나 가구 배치를 효율적으로 바꿔주는 식으로 애정을 표현합니다. 혼자만의 공간이 주는 평온함을 사랑하면서도, 명절이나 기념일에는 가족들과 함께 모여 시끌벅적하게 수다를 떠는 시간을 소중히 여깁니다.	안양천 산책길이 집 근처라 매일 아침 물줄기를 따라 걷는 습관이 있으며, 자가 아파트가 주는 심리적 여유 덕분에 사회적 기준에서 벗어나 자신만의 예술적 취향을 탐구하며 지냅니다.	복잡한 설계 도면을 빠르게 해석하고 공정 계획을 세밀하게 짜는 능력이 탁월하며, 공학적 논리와 구조적 안정성을 바탕으로 사물을 분석적으로 바라보는 습관이 배어 있습니다.	배달 앱으로 동네 파스타 맛집을 찾아 주문해 먹거나, 주말이면 친구들과 함께 수목원에 가서 풍경을 스케치하며 시간을 보냅니다.	공학적 지식에 심미적 가치를 더한 지속 가능한 소형 주거 공간 디자인을 연구하고 있으며, 언젠가 자신의 이름을 건 작은 건축 설계 스튜디오를 여는 것을 꿈꿉니다.	openai/gpt-5.4-mini	요즘 안양천 산책길을 걸으며 머릿속이 복잡하다. 만안구 빌라촌을 지나칠 때마다 직업병처럼 구조적 결함을 살피게 되는데, 4월 8일 국토부가 발표한 '뉴:빌리지' 패스트트랙이 자꾸 눈에 밟힌다. 전면 재개발이 어려운 저층 노후 주거지에 인허가 단축과 용적률 완화를 원스톱으로 묶어준다니, 내가 꿈꾸던 소형 주거 설계 스튜디오의 진짜 일감은 결국 여기서 나오겠구나 싶어 전공 서적을 다시 펼쳤다. 다만 지자체 설명회만 듣고 끝낼 게 아니라, 만안구 같은 동네에서 주민들이 실제로 동의할 만한 동선과 채광이 나오는지가 관건이라는 생각이 든다.  35세 1인 가구로 자가 아파트에 사는 입장에서 보면, 청년 월세지원이 '한시'에서 '상시'로 바뀌고 청년 공공임대를 3만5천 가구로 늘린다는 소식은 솔직히 부럽기도 하고 안도되기도 한다. 내 또래 친구들이 이사비 부담에 짓눌리는 걸 봐와서 그렇다. 비거주 1주택 양도세와 장기보유 특별공제 개편 논쟁도 매일 뉴스로 흘러나오는데, 부동산을 '자산'이 아니라 '공간'으로 바라보는 내 시각에서는 결국 누가 그 집에 어떻게 사느냐가 빠진 논의 같아 답답하다.  6월 3일 지방선거가 두 달 앞이다. 안양시장 후보들이 만안구 노후 주거지에 대해 어떤 그림을 내놓는지 토론회 영상을 꼼꼼히 챙겨볼 생각이다. 화려한 공약보다 1밀리미터 단위로 검증되는 설계도 같은 정책이 보고 싶다.
6f1c64267545430382caedb2cc853558	남자	42	미혼	어머니와 동거	주택 이외의 거처	4년제 대학교	공학·제조·건설	무직	서울	서울-금천구	김기영 씨는 공학적 재능과 예민한 감수성을 동시에 지닌 42세 무직자로, 서울 금천구 가산동의 익숙한 풍경 속에서 소박한 일상과 심리적 안정을 갈구하는 남성입니다.	김기영 씨는 공학 전공자답게 집안의 고장 난 소형 가전제품을 직접 분해해 수리하는 기술적 재능이 있으며, 출퇴근 거리가 짧은 동네의 작은 공장이나 사업장에서 단순하고 예측 가능한 업무를 수행하며 안정감을 얻기를 바랍니다.	김기영 씨는 주말마다 금천구청 근처 배드민턴장에서 셔틀콕을 치며 땀을 흘리는 활동적인 시간을 보내고, 평소에는 거실 소파에 누워 TV로 스포츠 경기를 관람하며 느긋하게 휴식을 취합니다.	김기영 씨는 최신 유행하는 문화 예술보다는 손때 묻은 신문이나 잡지를 천천히 읽는 것을 즐기며, 가끔 친구와 함께 집 근처 영화관을 찾아 조용히 영화를 감상하며 정서적인 환기를 합니다.	김기영 씨는 빡빡한 일정의 관광 여행 대신 친구나 연인과 함께 한적한 곳으로 떠나 온전히 쉬는 휴양 여행을 선택하며, 낯선 곳에서의 자극보다는 익숙한 사람들과의 평온한 시간을 우선시합니다.	김기영 씨는 주 4회 이상 외식을 하며 단골 일식집의 바삭한 돈카츠나 짭조름한 고등어조림 정식을 즐겨 먹고, 배달 음식을 시킬 때는 고기류보다는 정갈한 나물 위주의 한식 메뉴를 고릅니다.	김기영 씨는 금천구의 낡은 월세방에서 어머니와 함께 살며 서로에 대한 의존과 미안함이 교차하는 관계를 유지하고, 겉으로는 무던한 척하지만 어머니의 작은 말투 하나에도 쉽게 긴장하는 예민한 성격을 가지고 있습니다.	금천구 가산동의 공단 주변 풍경에 익숙하며, 공학 전공 후 사회적 기대와 현실의 괴리를 겪으며 어머니와 함께 소박한 월세방에서 생활하는 삶에 적응했습니다. 정서적으로 예민한 구석이 있어 타인의 시선에 민감하지만, 겉으로는 무던한 척하며 동네의 오래된 가게와 익숙한 이웃들 사이에서 심리적 안전망을 구축하고 있습니다.	전공 지식을 바탕으로 집안의 고장 난 소형 가전제품을 직접 분해해 수리하거나, 전자기기를 구매할 때 상세 제원표를 꼼꼼히 분석해 가성비가 가장 높은 제품을 찾아내는 능력이 있습니다. 엑셀을 활용해 가계부나 관심 목록을 정리하곤 하지만, 정작 파일 이름이나 폴더 구조는 체계 없이 쌓아두는 습관이 있습니다.	주말이면 금천구청 근처 배드민턴장에서 셔틀콕을 치며 땀을 흘리고, 평소에는 동네 단골 일식집에서 바삭한 돈카츠나 고등어조림 정식을 즐겨 먹습니다. 몸과 마음이 지칠 때는 동네 사우나의 뜨거운 탕에 몸을 담근 채 아무런 생각 없이 멍하게 시간을 보내며 스트레스를 해소합니다.	거창한 성공이나 직급 상승보다는 출퇴근 거리가 짧고 대인 관계의 갈등이 적은, 자신의 기술적 기초를 활용할 수 있는 작은 규모의 사업장에서 안정적으로 일하기를 바랍니다. 갑작스러운 업무 변경이 없는 예측 가능한 일과 속에서 심리적 불안감을 덜어내고 평범한 일상을 유지하는 것이 현재의 가장 큰 목표입니다.	openai/gpt-5.4-mini	아침마다 가산동 골목을 걸어 단골 일식집까지 가는 그 짧은 거리가 요즘은 유난히 길게 느껴진다. 마흔둘에 무직, 어머니와 단둘이 사는 낡은 월세방. 공학을 전공했다는 자부심은 진작에 닳았고, 고장 난 선풍기를 분해해 고치는 손재주만 남았다. 그래서 2026년 4월 뉴스에 자꾸 눈이 간다. 청년일자리 도약 장려금이 상시 신청으로 바뀌고 비수도권 중소기업 매칭이 늘어난다는데, 정작 마흔이 넘은 나는 어디에도 끼지 못한다는 생각이 든다. 청년미래적금 같은 자산형성 상품 기사를 읽을 때마다, 3년 뒤 2,200만 원을 모은다는 청년의 얼굴 자리에 내가 들어갈 칸은 없다는 사실을 새삼 확인한다. 그래도 한 가지 마음이 가는 건 일상돌봄 서비스가 220개 시·군·구로 확대된다는 소식이다. 어머니의 무릎이 부쩍 안 좋아지셨는데, 동 행정복지센터에 한번 들러봐야겠다고 며칠째 미루고 있다. 6월 지방선거를 앞두고 후보들은 죄다 청년이니 신혼부부니 떠들어대지만, 중년 1인 돌봄에 가까운 우리 같은 사람 이야기는 잘 안 보인다. 가산 G밸리에 지식산업센터는 또 올라간다는데 나 같은 사람이 들어갈 작은 사업장은 줄어드는 느낌이다. 오늘 저녁엔 사우나 탕에 몸을 담그고 멍하게 있다 와야겠다.
f908f4859fbc4c63b03ba6de6df247dd	여자	65	배우자있음	배우자·자녀·어머니와 거주	주택 이외의 거처	고등학교	해당없음	그 외 철도 및 전동차 기관사	서울	서울-중구	권수진 씨는 정밀한 운행 능력을 갖춘 베테랑 기관사이자, 예술과 인문학을 사랑하며 가족과 사회적 관계를 소중히 여기는 서울 중구의 60대 여성입니다.	권수진 씨는 전동차의 정지선을 단 1센티미터의 오차 없이 맞추는 정밀함으로 동료들의 신망을 받는 베테랑 기관사입니다. 권수진 씨는 퇴직을 앞두고 후배들에게 사고 대응 매뉴얼을 꼼꼼히 전수하지만, 때로는 지나치게 완벽을 기하는 성격 탓에 후배들을 긴장시키곤 합니다.	권수진 씨는 퇴근 후 중구의 오래된 골목길을 천천히 거닐며 하루의 긴장을 푸는 산책 시간을 가장 소중히 여깁니다. 권수진 씨는 격렬한 운동보다는 낮잠과 가벼운 스트레칭으로 체력을 관리하며 몸의 이완을 돕는 온천욕에 매달립니다.	권수진 씨는 남산 미술관의 전시 일정을 꼼꼼히 챙겨 보며 현대 미술의 과감한 시도에서 영감을 얻는 예술 애호가입니다. 권수진 씨는 집에서 인문학 서적을 읽으며 생각에 잠기다가도, 갑자기 떠오른 아이디어를 낡은 수첩에 빼곡하게 적어 내려갑니다.	권수진 씨는 친목 모임 회원들과 함께 양양의 뜨끈한 온천이나 수안보의 스파 시설을 찾아다니며 수다를 떠는 여행에서 삶의 활력을 얻습니다. 권수진 씨는 여행지에서도 시간 계획표를 짜는 꼼꼼함을 보이지만, 막상 도착하면 예상치 못한 풍경에 매료되어 일정을 잊어버리기도 합니다.	권수진 씨는 2주에 한 번 가족들과 함께 집 근처 갈빗집에서 한우를 구워 먹으며 외식을 즐깁니다. 권수진 씨는 매주 정해진 요일에 배달 앱으로 소금빵을 주문해 커피와 함께 곁들여 먹는 시간을 하루 중 가장 행복해합니다.	권수진 씨는 서울 중구의 주택에서 남편과 자녀, 그리고 연로하신 어머니를 함께 모시며 대가족의 중심 역할을 수행합니다. 권수진 씨는 가족들을 세심하게 챙기지만, 때로는 기관사 특유의 단호한 말투가 나와 집안 분위기를 순간적으로 얼어붙게 만들기도 합니다.	서울 중구의 오래된 골목 정취를 사랑하며, 엄격한 규율의 직장 생활 속에서도 남산 미술관의 전시를 찾아다니며 내면의 예술적 갈증을 채우는 삶을 살아왔습니다.	수십 년간 전동차 기관사로 근무하며 단 1초의 오차도 허용하지 않는 정밀한 정차 능력과 예기치 못한 차량 고장 상황에서도 침착하게 매뉴얼을 수행하는 능력을 갖췄습니다.	주말이면 친목 모임 회원들과 양양이나 수안보 온천으로 여행을 떠나 활력을 얻고, 집에서는 갓 구운 소금빵을 배달시켜 인문학 서적을 읽으며 조용한 시간을 보냅니다.	정년퇴직을 앞두고 그동안 쌓아온 운행 노하우를 후배들에게 체계적으로 전수하며, 현장에서의 안전 운행 표준을 완성하는 일에 집중하고 있습니다.	openai/gpt-5.4-mini	정지선 1센티미터를 맞추느라 평생을 보낸 손이, 이제는 어머니 약봉지를 챙기는 손이 됐다. 정년이 코앞이라 후배에게 사고 대응 매뉴얼을 넘기는 일이 요즘 내 가장 큰 숙제인데, 4월부터 운전실 감시카메라 설치 논의가 다시 떠올라 마음이 복잡하다. 안전이야 누구보다 중요하지만, 1초 단위 판단을 카메라 앞에서 해본 사람만 아는 압박이 있다. 후배들이 그 무게를 어떻게 견딜지 걱정이 앞선다.  집에 오면 또 다른 무게가 기다린다. 남편과 아이, 그리고 어머니까지 한 지붕 아래 사는 4인 가족의 중심. 4월 22일부터 시작된 치매안심재산관리서비스 기사를 신문에서 보고 한참을 들여다봤다. 어머니가 아직은 정정하시지만, 공공신탁이라는 단어가 마음 한구석을 묵직하게 눌렀다. 재택의료센터가 250곳으로 늘고 노인맞춤돌봄도 확대된다는데, 정작 우리 같은 샌드위치 가족에게 닿는 손길은 여전히 더디게만 느껴진다.  그래도 토요일이면 남산 미술관 전시 일정을 수첩에 적고, 배달 온 소금빵을 커피와 곁들이며 인문학 책장을 넘긴다. 다음 달 친목 모임은 양양 온천으로 정해졌다. 6월 지방선거 공보물이 슬슬 우편함에 꽂히기 시작했고, 중구 골목을 천천히 걸으며 어떤 후보가 우리 동네 어르신과 일하는 여자들의 일상을 진짜로 들여다볼 사람인지, 그것만 가만히 가늠해 본다.
e7f31b504b4649ef82356f3a3fa85466	남자	46	배우자있음	배우자·자녀와 거주	단독주택	고등학교	해당없음	해병대 부사관	경기	경기-시흥시	함정준 씨는 해병대 부사관의 강인함과 자상한 아버지의 유연함을 동시에 지닌, 소래산의 정기와 오이도의 소주 향이 어우러진 40대 가장입니다.	함정준 씨는 해병대 부사관으로서 수백 명의 병력 이동 경로와 보급 물자를 한 치의 오차 없이 설계하는 치밀한 행정 처리 능력을 갖췄습니다. 부대 내 갈등이 생기면 특유의 친화력으로 중재하며 후배들이 권위주의 없이 일할 수 있는 합리적인 문화를 만들려 애쓰지만, 가끔은 본인도 모르게 튀어나오는 딱딱한 군대식 말투 때문에 당황하곤 합니다.	함정준 씨는 주말 저녁이면 거실 소파에 누워 해외 축구 경기를 시청하며 열렬히 응원하거나, 등산화 끈을 조여 매고 소래산 숲길을 걷는 것으로 활력을 찾습니다. 운동 경기 결과에 따라 감정 기복이 심해져, 응원하는 팀이 지는 날에는 괜히 아내에게 투정을 부리는 버릇이 있습니다.	함정준 씨는 퇴근 후 거실에서 플스 게임기를 켜고 자녀들과 함께 가상 세계를 탐험하며 복잡한 부대 업무의 스트레스를 털어냅니다. 최신 유행하는 넷플릭스 시리즈를 챙겨보며 세상 돌아가는 이야기에 귀를 기울이지만, 정작 예술 영화나 전시회 같은 정적인 활동에는 금방 지루함을 느껴 하품을 내뱉습니다.	함정준 씨는 휴가 때면 복잡한 관광지보다는 강원도 속초의 한적한 펜션이나 조용한 바닷가 마을을 찾아 온전한 휴식을 취하는 여행을 즐깁니다. 주로 오래된 군 동료나 친구들과 함께 떠나 밤새도록 옛 추억을 안주 삼아 소주잔을 기울이며 마음의 짐을 내려놓습니다.	함정준 씨는 주 5회 이상 외식을 하며 오이도 근처의 돼지갈비 집이나 정왕동의 시끌벅적한 포장마차에서 소주 한 잔을 곁들이는 시간을 가장 좋아합니다. 배달 음식은 보름에 한 번 꼴로 치킨을 시켜 먹는 정도로 제한하지만, 고기 굽는 냄새만 맡으면 참지 못하고 쌈 채소를 듬뿍 얹어 크게 한 쌈 싸 먹는 식성이 있습니다.	함정준 씨는 시흥시 정왕동의 단독주택에서 배우자와 아이들과 부대끼며 살아가며, 아이들이 좋아하는 게임 캐릭터 이름을 외울 정도로 다정한 아버지의 모습을 보여줍니다. 하지만 집안 청소나 정리 정돈 문제에서는 부대에서처럼 칼같이 맞추려는 습관이 있어 아내와 사소한 말다툼을 벌이곤 합니다.	시흥시 정왕동 일대의 단독주택가에서 가족들과 부대끼며 살며, 해병대 특유의 끈끈한 유대감과 규율 속에 살면서도 퇴근 후에는 자녀들의 눈높이에 맞춰 함께 게임을 즐기는 유연함을 갖췄습니다. 군인의 딱딱함보다는 주변 사람들을 살뜰히 챙기는 다정한 선배이자 아버지로서의 정체성이 더 큽니다.	수백 명의 병력 이동 경로와 보급 물자를 오차 없이 설계하는 치밀한 행정 처리 능력이 있으며, 갈등이 생긴 부대원들 사이에서 중재안을 찾아내어 빠르게 화합시키는 소통에 능숙합니다.	주말이면 오이도 근처의 고깃집에서 친구들과 소주잔을 기울이며 스트레스를 풀고, 평소에는 집에서 최신 콘솔 게임을 하며 복잡한 생각에서 벗어나 온전한 휴식을 취합니다. 혈압 관리를 위해 집 근처 소래산 등산로를 정기적으로 오르며 땀을 흘리는 습관이 있습니다.	전역 후의 삶을 대비해 안정적인 연금 체계를 확보하는 동시에, 후배 부사관들이 권위주의에 짓눌리지 않고 능력을 발휘할 수 있는 합리적인 부대 문화를 정착시키는 데 주력하고 있습니다.	openai/gpt-5.4-mini	요즘 부대 일과 마치고 정왕동 집에 돌아오면 머리가 복잡하다. 2026년 들어 초급 간부 월급이 6.6% 오르고 당직비도 평일 3만 원, 주말 10만 원으로 인상된다는데, 솔직히 후배 하사들 얼굴 보면 그 정도로 될 일인가 싶다. 내가 신경 쓰는 건 권위주의 안 짓누르는 부대 문화인데, 처우 얘기 빼고는 정착이 안 되더라. 해·공군은 4월부터 면접·출결 폐지라는데 해병대도 어떻게 흐름을 탈지 지켜봐야 할 것 같다.  전역 후 연금도 머릿속에서 안 떠난다. 마침 대통령이 비거주 1주택 장특공 손본다고 하고, 4월에 발의된 개정안 보면 평생 한 번 2억 한도 세액공제로 바뀐다는데, 단독주택 한 채 깔고 사는 우리 같은 실거주 가장 입장에선 거주기간 공제는 살리는 방향이 맞다 싶다. 투기랑 실거주는 분리해야지.  토요일 저녁엔 오이도 가서 돼지갈비에 소주 한 잔 기울이며 옛 동기들과 이런 얘기를 했다. 6·3 지방선거 시흥시장 후보도 사실상 정해진 분위기던데, 정작 우리 동네 도로랑 학교 얘기는 잘 안 나오더라. 일요일엔 소래산 한 바퀴 돌면서 혈압 좀 내려놓고, 저녁엔 애들이랑 플스 한 판 붙어야 머리가 비워진다. 큰 거 바라는 거 없다. 부대원도 가족도 평범하게 굴러갔으면 한다.
